Month	Average
Jul	0.46249999999999997
Dec	0.5375
Jan	0.3875
Feb	0.47500000000000003
