Month	Average
Jul	0.4375
Dec	0.48750000000000004
Jan	0.5
Feb	0.46249999999999997
