Month	Average
Jul	0.5125
Dec	0.6000000000000001
Jan	0.5625
Feb	0.5499999999999999
