Month	Average
Jul	0.2875
Dec	0.41250000000000003
Jan	0.3
Feb	0.33749999999999997
