Month	Average
Jul	0.75
Dec	0.8875000000000001
Jan	0.8500000000000001
Feb	0.7875000000000001
