Month	Average
Jul	0.8125000000000001
Dec	0.7999999999999999
Jan	0.7749999999999999
Feb	0.7124999999999999
